"relative_path","size_bytes","sha256","disclosure_level","contains_record_or_grid_level_population_values"
"derived_results/decomposition/component_contribution_statistics.csv","2530","11d1cf93df46b20d8f58c1d179aa7e122c3e0d27883b4bbff6a8283a1e284451","aggregate_publication_result","no"
"derived_results/decomposition/national_summary.csv","566","240132b212e0d90013d23efcaf7dc4891f78f26b6d8dd6099975894514570b8d","aggregate_publication_result","no"
"derived_results/decomposition/province_summary.csv","7238","760615ec3554c2c14e489019d56fec8b45911601c1817a2ff798226dd817180a","aggregate_publication_result","no"
"derived_results/modeling/festival_pre/mobility/feature_importance.csv","864","88bffb1c542194191df69449141b7a3b4e0beb78e3cd02055a02550672904acb","aggregate_publication_result","no"
"derived_results/modeling/festival_pre/mobility/model_metrics.csv","1092","f32b11aeb7a7c19a79dce27cb4d1318697a056297c348fdab70baf1f9f59f0af","aggregate_publication_result","no"
"derived_results/modeling/festival_pre/mobility/spatial_cv_metrics.csv","3030","0fdea0c1ffaa8d7665fadc378267298916a478c0797225c4f72491e0f3b82c09","aggregate_publication_result","no"
"derived_results/modeling/festival_pre/pollution/accounting_benchmark.csv","270","fe6bcb930ad706237e9cc75ddf489bfd3540115dbdbb0cb7ed5444d5ad0163c5","aggregate_publication_result","no"
"derived_results/modeling/festival_pre/pollution/feature_importance.csv","867","ed8b98a36756423b87234dd1413e41321a225478106072a2e629294c1bc08a38","aggregate_publication_result","no"
"derived_results/modeling/festival_pre/pollution/model_metrics.csv","1095","e327728906516669f533a2dcb7f63f8ee5882ed4d23f50ac749b6d6c512c388b","aggregate_publication_result","no"
"derived_results/modeling/festival_pre/pollution/spatial_cv_metrics.csv","3083","c93301bf559a7124e6af49dc059f87dc4d9f362990fabb04a1e3f72903d126bf","aggregate_publication_result","no"
"derived_results/modeling/festival_pre/total_exposure/feature_importance.csv","788","77aed596b647f2150d553c45663ae6b78383e8a8301a5bff327a87678e1f0a47","aggregate_publication_result","no"
"derived_results/modeling/festival_pre/total_exposure/model_metrics.csv","1275","3bc318a9c28e5430481650ea7cb28faf5447cd542aac4c88e56e4e6a40a68c28","aggregate_publication_result","no"
"derived_results/modeling/festival_pre/total_exposure/spatial_cv_metrics.csv","2481","d8a729f09219ba5402c5a19c2dc59fb8773d13c6b9e2346ea6080a91a22c0c98","aggregate_publication_result","no"
"derived_results/modeling/post_festival/mobility/feature_importance.csv","894","589b1a2a61b94ce9c838d08085f47695d259e7549219298683c1023d47ab55e0","aggregate_publication_result","no"
"derived_results/modeling/post_festival/mobility/model_metrics.csv","1157","cb04364473340928626fa0f87d7e34b8e90c9be7313985be46edcccb9bf03c2f","aggregate_publication_result","no"
"derived_results/modeling/post_festival/mobility/spatial_cv_metrics.csv","3058","8092c1603b36b7b79ab26fe910d668b36121d81faaf538d590bddc73836485d8","aggregate_publication_result","no"
"derived_results/modeling/post_festival/pollution/accounting_benchmark.csv","277","7199a39404c06eef9554a8dba8a263ed1702618d35d2093f924249af75194412","aggregate_publication_result","no"
"derived_results/modeling/post_festival/pollution/feature_importance.csv","899","2dace19fa77b339e8e7876d8df0826076b90b7fd52940b84bfa692606d8a8e11","aggregate_publication_result","no"
"derived_results/modeling/post_festival/pollution/model_metrics.csv","1154","d7ef124973496956331ca8f0da5f80b93e7517323c26bc4c48c1444441d9d579","aggregate_publication_result","no"
"derived_results/modeling/post_festival/pollution/spatial_cv_metrics.csv","3093","65f8bbcd274eefc2885f9df4e3dbea244cc94880b14313a347503ae25f17007c","aggregate_publication_result","no"
"derived_results/modeling/post_festival/total_exposure/feature_importance.csv","811","695f43d73bccc454ad9bedd58c4d5038f25a408e01aebed082991b1f24df4bf5","aggregate_publication_result","no"
"derived_results/modeling/post_festival/total_exposure/model_metrics.csv","1335","25fb1b695fc27045f992e5308316a0cd0cdf1817606d8f66689b7e239f5b58fc","aggregate_publication_result","no"
"derived_results/modeling/post_festival/total_exposure/spatial_cv_metrics.csv","2483","5a739339534eb7455f4d1cc90c6d09b94306badc9f6b8763ed61b3bdd657c304","aggregate_publication_result","no"
"derived_results/spatial_analysis/GlobalMoran/component_global_moran_results.csv","822","d3e2cb4d3c36b3892ee5ae8c45d8f322c10e5f25932e5d2190be1e7f8b915714","aggregate_publication_result","no"
"derived_results/spatial_analysis/GlobalMoran/global_moran_results.csv","490","896d47823c0f2c47141bb77478a222bf581322e25931595aafe3f487e87faf32","aggregate_publication_result","no"
"derived_results/spatial_analysis/LISA/lisa_festival_pre_exposure_change_cluster_counts.csv","427","296687ac70888ea285702aa9fc859add324f797b4ae7e068708ce86ae42a8f33","aggregate_publication_result","no"
"derived_results/spatial_analysis/LISA/lisa_festival_pre_exposure_change_province_summary.csv","13053","63b5d6c3ca1e060fff0dd15779737b00f090452bd76499dcdc868174bf410db0","aggregate_publication_result","no"
"derived_results/spatial_analysis/LISA/lisa_festival_pre_mobility_component_cluster_counts.csv","427","e825a1e59827a3045d84d0749d4e39c5e6209409ff70726babe46542f6d979e2","aggregate_publication_result","no"
"derived_results/spatial_analysis/LISA/lisa_festival_pre_mobility_component_province_summary.csv","13774","7a086b4ced2ca56c62533db263c4629252cc8e36d0029aac908b49d6b2aac94a","aggregate_publication_result","no"
"derived_results/spatial_analysis/LISA/lisa_festival_pre_pollution_component_cluster_counts.csv","431","62c716b2a1876ff5acfdf7a9a26e4a6c08336124d1001daad564bc31b3381ac0","aggregate_publication_result","no"
"derived_results/spatial_analysis/LISA/lisa_festival_pre_pollution_component_province_summary.csv","13179","4f4e717b454db0cdb877b1314dde9265dbef80a07de648995f28a1fbca5d63ff","aggregate_publication_result","no"
"derived_results/spatial_analysis/LISA/lisa_post_festival_exposure_change_cluster_counts.csv","433","5bad405cd2cdbfd25af9abc90298f781b1376499db50d441ed57723fa255da2a","aggregate_publication_result","no"
"derived_results/spatial_analysis/LISA/lisa_post_festival_exposure_change_province_summary.csv","13557","02d3c4a2ba7c9fca6a2bc69b4f29da66740d8369ca8d18ac41d5fcee66e8fbfc","aggregate_publication_result","no"
"derived_results/spatial_analysis/LISA/lisa_post_festival_mobility_component_cluster_counts.csv","433","9b111b0c944fcb6e1cfa77a72383f400adf8ac0f8bc0a830dfb07531474e1e24","aggregate_publication_result","no"
"derived_results/spatial_analysis/LISA/lisa_post_festival_mobility_component_province_summary.csv","14007","5d4ddbec4c6faa24dce0c7683d3afda3940c0e4cf56d44c9f1719be459fa6ad3","aggregate_publication_result","no"
"derived_results/spatial_analysis/LISA/lisa_post_festival_pollution_component_cluster_counts.csv","439","3f62d5232bc8b12d88bcfb9d4498fa1e6f17710cc393b0f9d068ec2479391e24","aggregate_publication_result","no"
"derived_results/spatial_analysis/LISA/lisa_post_festival_pollution_component_province_summary.csv","14244","1bf905d19b90f40b89ee91bd65ad7591c518b07cb8e6bc5c21c71c19e8e95e2d","aggregate_publication_result","no"
